{
  "Component-preload.js": 1609790220285,
  "controller/View1.controller.js": 1609782880000,
  "model/models.js": 1609782880000,
  "manifest.json": 1609790220332,
  "Component.js": 1609782880000,
  "manifest-bundle.zip": 1609790219882,
  "i18n/i18n.properties": 1609782880000,
  "Component-dbg.js": 1609782880000,
  "controller/View1-dbg.controller.js": 1609782880000,
  "model/models-dbg.js": 1609782880000,
  "resources.json": 1609790220344,
  "view/View1.view.xml": 1609782880000,
  "css/style.css": 1609782880000,
  "index.html": 1609782880000
}